<?xml version="1.0" encoding="UTF-8"?>
<typeSystemDescription xmlns="http://uima.apache.org/resourceSpecifier">
    <name>ArgumentationTypeSystem</name>
    <description>Type system for all annotation types related and specific to our research on argumentation.

Extends the AItools Core type system.</description>
    <version>1.0</version>
    <vendor>Webis</vendor>
  <imports>
    <import name="uima-descriptors.type-systems.CoreTypeSystem"/>
  </imports>
  <types>
    <typeDescription>
      <name>de.aitools.ie.uima.type.argumentation.PromptAdherence</name>
      <description>Text-level classification of the prompt adherence of an essay, as defined in (Persing and Ng, ACL 2014).</description>
      <supertypeName>de.aitools.ie.uima.type.supertype.Classification</supertypeName>
      <features>
        <featureDescription>
          <name>score</name>
          <description>The prompt adherence score from the scale [1.0, 4.0].</description>
          <rangeTypeName>uima.cas.Double</rangeTypeName>
        </featureDescription>
        <featureDescription>
          <name>fold</name>
          <description>The number of the fold within the cross-validation of Persing and Ng (where available).</description>
          <rangeTypeName>uima.cas.Integer</rangeTypeName>
        </featureDescription>
        <featureDescription>
          <name>errors1</name>
          <description>List of prompt adherence error types with respect to the first component of the respective prompt. The error types are separated by commas.</description>
          <rangeTypeName>uima.cas.String</rangeTypeName>
        </featureDescription>
        <featureDescription>
          <name>errors2</name>
          <description>List of prompt adherence error types with respect to the second component of the respective prompt. The error types are separated by commas.</description>
          <rangeTypeName>uima.cas.String</rangeTypeName>
        </featureDescription>
        <featureDescription>
          <name>errors3</name>
          <description>List of prompt adherence error types with respect to the third component of the respective prompt. The error types are separated by commas.</description>
          <rangeTypeName>uima.cas.String</rangeTypeName>
        </featureDescription>
      </features>
    </typeDescription>
    <typeDescription>
      <name>de.aitools.ie.uima.type.argumentation.ThesisClarity</name>
      <description>Text-level classification of the thesis clarity of an essay, as defined in (Persing and Ng, ACL 2013).</description>
      <supertypeName>de.aitools.ie.uima.type.supertype.Classification</supertypeName>
      <features>
        <featureDescription>
          <name>score</name>
          <description>The thesis clarity score from the scale [1.0, 4.0].</description>
          <rangeTypeName>uima.cas.Double</rangeTypeName>
        </featureDescription>
        <featureDescription>
          <name>fold</name>
          <description>The number of the fold within the cross-validation of Persing and Ng (where available).</description>
          <rangeTypeName>uima.cas.Integer</rangeTypeName>
        </featureDescription>
        <featureDescription>
          <name>errors</name>
          <description>List of thesis clarity error types, separated by commas.</description>
          <rangeTypeName>uima.cas.String</rangeTypeName>
        </featureDescription>
      </features>
    </typeDescription>
    <typeDescription>
      <name>de.aitools.ie.uima.type.argumentation.Organization</name>
      <description>Text-level classification of the organization of an essay, as defined in (Persing and Ng, EMNLP 2010).</description>
      <supertypeName>de.aitools.ie.uima.type.supertype.Classification</supertypeName>
      <features>
        <featureDescription>
          <name>score</name>
          <description>The organization score from the scale [1.0, 4.0].</description>
          <rangeTypeName>uima.cas.Double</rangeTypeName>
        </featureDescription>
        <featureDescription>
          <name>fold</name>
          <description>The number of the fold within the cross-validation of Persing and Ng (where available).</description>
          <rangeTypeName>uima.cas.Integer</rangeTypeName>
        </featureDescription>
        <featureDescription>
          <name>allScores</name>
          <description>List of all organization scores assigned to an essay, separated by comma. The reason for this feature is that some essays have been annotated multiple times for (Persing and Ng, 2010). The first of these is the one set as the (main) organization score.</description>
          <rangeTypeName>uima.cas.String</rangeTypeName>
        </featureDescription>
      </features>
    </typeDescription>
    <typeDescription>
      <name>de.aitools.ie.uima.type.argumentation.ArgumentStrength</name>
      <description>Text-level classification of the argument strength of an essay, as defined in (Persing and Ng, ACL 2015).</description>
      <supertypeName>de.aitools.ie.uima.type.supertype.Classification</supertypeName>
      <features>
        <featureDescription>
          <name>score</name>
          <description>The argument strength score from the scale [1.0, 4.0].</description>
          <rangeTypeName>uima.cas.Double</rangeTypeName>
        </featureDescription>
        <featureDescription>
          <name>fold</name>
          <description>The number of the fold within the cross-validation of Persing and Ng (where available).</description>
          <rangeTypeName>uima.cas.Integer</rangeTypeName>
        </featureDescription>
      </features>
    </typeDescription>
    <typeDescription>
      <name>de.aitools.ie.uima.type.argumentation.MetadataICLE</name>
      <description>The metadata provided for the ICLE corpus files.</description>
      <supertypeName>de.aitools.ie.uima.type.supertype.Metadata</supertypeName>
      <features>
        <featureDescription>
          <name>file</name>
          <description>The file name.</description>
          <rangeTypeName>uima.cas.String</rangeTypeName>
        </featureDescription>
        <featureDescription>
          <name>title</name>
          <description>The title of the essay.</description>
          <rangeTypeName>uima.cas.String</rangeTypeName>
        </featureDescription>
        <featureDescription>
          <name>tagged</name>
          <description>Whether tagged ("Yes") or not ("No").</description>
          <rangeTypeName>uima.cas.String</rangeTypeName>
        </featureDescription>
        <featureDescription>
          <name>textType</name>
          <description>The text type of the essay. (table column "type" in original corpus)</description>
          <rangeTypeName>uima.cas.String</rangeTypeName>
        </featureDescription>
        <featureDescription>
          <name>length</name>
          <description>The length of the essay, counted in words.</description>
          <rangeTypeName>uima.cas.Integer</rangeTypeName>
        </featureDescription>
        <featureDescription>
          <name>conditions</name>
          <description>Whether timed ("Timed") or not ("No Timing"). Maybe other values possible in principle</description>
          <rangeTypeName>uima.cas.String</rangeTypeName>
        </featureDescription>
        <featureDescription>
          <name>reftools</name>
          <description>???</description>
          <rangeTypeName>uima.cas.String</rangeTypeName>
        </featureDescription>
        <featureDescription>
          <name>exams</name>
          <description>Whether exam ("Yes") or not ("No").</description>
          <rangeTypeName>uima.cas.String</rangeTypeName>
        </featureDescription>
        <featureDescription>
          <name>age</name>
          <description>The age of the writer of the essay in years.</description>
          <rangeTypeName>uima.cas.Integer</rangeTypeName>
        </featureDescription>
        <featureDescription>
          <name>sex</name>
          <description>The sex of the writer.</description>
          <rangeTypeName>uima.cas.String</rangeTypeName>
        </featureDescription>
        <featureDescription>
          <name>country</name>
          <description>The name of the country the writer of the essay comes from.</description>
          <rangeTypeName>uima.cas.String</rangeTypeName>
        </featureDescription>
        <featureDescription>
          <name>lLanguage</name>
          <description>Maybe the learned language of the writer?</description>
          <rangeTypeName>uima.cas.String</rangeTypeName>
        </featureDescription>
        <featureDescription>
          <name>homeLang1</name>
          <description>The first home language of the writer of the essay.</description>
          <rangeTypeName>uima.cas.String</rangeTypeName>
        </featureDescription>
        <featureDescription>
          <name>homeLang2</name>
          <description>The second home language of the writer of the essay.</description>
          <rangeTypeName>uima.cas.String</rangeTypeName>
        </featureDescription>
        <featureDescription>
          <name>homeLang3</name>
          <description>The third home language of the writer of the essay.</description>
          <rangeTypeName>uima.cas.String</rangeTypeName>
        </featureDescription>
        <featureDescription>
          <name>oLang1</name>
          <description>The first other language of the writer of the essay.</description>
          <rangeTypeName>uima.cas.String</rangeTypeName>
        </featureDescription>
        <featureDescription>
          <name>oLang2</name>
          <description>The second other language of the writer of the essay.</description>
          <rangeTypeName>uima.cas.String</rangeTypeName>
        </featureDescription>
        <featureDescription>
          <name>oLang3</name>
          <description>The third other language of the writer of the essay.</description>
          <rangeTypeName>uima.cas.String</rangeTypeName>
        </featureDescription>
      <featureDescription>
          <name>institutionCode</name>
          <description>The code of the institution where the essay was written. (instit in original ICLE database)</description>
          <rangeTypeName>uima.cas.String</rangeTypeName>
        </featureDescription>
        <featureDescription>
          <name>institution</name>
          <description>The name of the institution where the essay was written. (instit2 in original ICLE database)</description>
          <rangeTypeName>uima.cas.String</rangeTypeName>
        </featureDescription>
        <featureDescription>
          <name>schoolEng</name>
          <description>Maybe, how many years English was learned at school.</description>
          <rangeTypeName>uima.cas.String</rangeTypeName>
        </featureDescription>
        <featureDescription>
          <name>uniEng</name>
          <description>Maybe, how many years English was learned at the university.</description>
          <rangeTypeName>uima.cas.String</rangeTypeName>
        </featureDescription>
        <featureDescription>
          <name>monthsEng</name>
          <description>Maybe, how many months English was learned.</description>
          <rangeTypeName>uima.cas.String</rangeTypeName>
        </featureDescription>
      <featureDescription>
          <name>date</name>
          <description>The date the essay was written, given in the form "mm/dd/yyyy hh:mm:ss".</description>
          <rangeTypeName>uima.cas.String</rangeTypeName>
        </featureDescription>
        <featureDescription>
          <name>status</name>
          <description>Whether complete or incomplete. Maybe, other values are possible in principle.</description>
          <rangeTypeName>uima.cas.String</rangeTypeName>
        </featureDescription>
        <featureDescription>
          <name>comments</name>
          <description>Any comment.</description>
          <rangeTypeName>uima.cas.String</rangeTypeName>
        </featureDescription>
        <featureDescription>
          <name>active</name>
          <description>Whether active (1) or not (0).</description>
          <rangeTypeName>uima.cas.Integer</rangeTypeName>
        </featureDescription>
        <featureDescription>
          <name>interface</name>
          <description>??? (always 1 in original corpus)</description>
          <rangeTypeName>uima.cas.Integer</rangeTypeName>
        </featureDescription>
        <featureDescription>
          <name>title2</name>
          <description>Seems to be the same as the title.</description>
          <rangeTypeName>uima.cas.String</rangeTypeName>
        </featureDescription>
      </features>
    </typeDescription>
  <typeDescription>
      <name>de.aitools.ie.uima.type.argumentation.SentenceDiscourseFunction</name>
      <description>The discourse function of a single sentence.</description>
      <supertypeName>de.aitools.ie.uima.type.supertype.Classification</supertypeName>
      <features>
        <featureDescription>
          <name>label</name>
          <description>The label that represents the discourse function.</description>
          <rangeTypeName>uima.cas.String</rangeTypeName>
        </featureDescription>
      </features>
    </typeDescription>
    <typeDescription>
      <name>de.aitools.ie.uima.type.argumentation.ParagraphDiscourseFunction</name>
      <description>The discourse function of a single paragraph.</description>
      <supertypeName>de.aitools.ie.uima.type.supertype.Classification</supertypeName>
      <features>
        <featureDescription>
          <name>label</name>
          <description>The label that represents the discourse function.</description>
          <rangeTypeName>uima.cas.String</rangeTypeName>
        </featureDescription>
      </features>
    </typeDescription>
  <typeDescription>
      <name>de.aitools.ie.uima.type.argumentation.MetadataAAE</name>
      <description>The metadata provided for the Argument Annotated Essays corpus files.</description>
      <supertypeName>de.aitools.ie.uima.type.supertype.Metadata</supertypeName>
      <features>
        <featureDescription>
          <name>filename</name>
          <description>The name of the original corpus essay file.</description>
          <rangeTypeName>uima.cas.String</rangeTypeName>
        </featureDescription>
        <featureDescription>
          <name>source</name>
          <description>The URL of the source of the essay.</description>
          <rangeTypeName>uima.cas.String</rangeTypeName>
        </featureDescription>
        <featureDescription>
          <name>topic</name>
          <description>The topic of the essay</description>
          <rangeTypeName>uima.cas.String</rangeTypeName>
        </featureDescription>
      <featureDescription>
          <name>twoSided</name>
          <description>Whether the essay discusses both stances on a topic or only the one one ("myside bias").</description>
          <rangeTypeName>uima.cas.String</rangeTypeName>
        </featureDescription>
      </features>
    </typeDescription>
    
    <typeDescription>
      <name>de.aitools.ie.uima.type.argumentation.MetadataArgQuality</name>
      <description>The metadata provided for the Dagstuhl 15512 ArgQuality corpus files.</description>
      <supertypeName>de.aitools.ie.uima.type.supertype.Metadata</supertypeName>
      <features>
        <featureDescription>
          <name>perspective</name>
          <description>The perspective of the argument</description>
          <rangeTypeName>uima.cas.String</rangeTypeName>
        </featureDescription>
        <featureDescription>
          <name>topic</name>
          <description>The topic of the argument</description>
          <rangeTypeName>uima.cas.String</rangeTypeName>
        </featureDescription>
      </features>
    </typeDescription>
    
    <typeDescription>
      <name>de.aitools.ie.uima.type.argumentation.ArgumentativeDiscourseUnit</name>
      <description>A basic unit of an argumentative text. May also cover non-argumenative parts within such a text. The unit may be assigned a certain type.</description>
      <supertypeName>de.aitools.ie.uima.type.supertype.Unit</supertypeName>
      <features>
        <featureDescription>
          <name>unitType</name>
          <description>The type of the unit.</description>
          <rangeTypeName>uima.cas.String</rangeTypeName>
        </featureDescription>
      </features>
    </typeDescription>
    <typeDescription>
      <name>de.aitools.ie.uima.type.argumentation.ElementaryDiscourseUnit</name>
      <description>A basic unit of the discourse of a text. The unit may be assigned a certain type.</description>
      <supertypeName>de.aitools.ie.uima.type.supertype.Unit</supertypeName>
      <features>
        <featureDescription>
          <name>unitType</name>
          <description>The type of the unit.</description>
          <rangeTypeName>uima.cas.String</rangeTypeName>
        </featureDescription>
      </features>
    </typeDescription>
    <typeDescription>
      <name>de.aitools.ie.uima.type.argumentation.Argument</name>
      <description>An argument, seen here as a relation between an argumentative unit serving as a premise and an argumentative unit serving as a conclusion. The argument may be assigned a certain type. If the represented argument has more than premise in fact, it can be modeled through multiple annotations of this type.</description>
      <supertypeName>de.aitools.ie.uima.type.supertype.Relation</supertypeName>
      <features>
        <featureDescription>
          <name>premises</name>
          <description>The premises of the argument</description>
          <rangeTypeName>uima.cas.FSArray</rangeTypeName>
        <elementType>de.aitools.ie.uima.type.argumentation.ArgumentativeDiscourseUnit</elementType>
          </featureDescription>
        <featureDescription>
          <name>conclusion</name>
          <description>The conclusion of the argument.</description>
          <rangeTypeName>de.aitools.ie.uima.type.argumentation.ArgumentativeDiscourseUnit</rangeTypeName>
        </featureDescription>
        <featureDescription>
          <name>argumentType</name>
          <description>The type of the argument.</description>
          <rangeTypeName>uima.cas.String</rangeTypeName>
        </featureDescription>
      </features>
    </typeDescription>
  <typeDescription>
      <name>de.aitools.ie.uima.type.argumentation.MetadataWebis16Editorials</name>
      <description>The metadata of a news editorial from the Webis-16-Editorials corpus.</description>
      <supertypeName>de.aitools.ie.uima.type.supertype.Metadata</supertypeName>
      <features>
        <featureDescription>
          <name>lastUpdate</name>
          <description>The date of the last update of the news editorial</description>
          <rangeTypeName>uima.cas.String</rangeTypeName>
        </featureDescription>
        <featureDescription>
          <name>url</name>
          <description>The URL of the editorial</description>
          <rangeTypeName>uima.cas.String</rangeTypeName>
        </featureDescription>
        <featureDescription>
          <name>portal</name>
          <description>The short name of the portal from the which editorial was retrieved.</description>
          <rangeTypeName>uima.cas.String</rangeTypeName>
        </featureDescription>
        <featureDescription>
          <name>authors</name>
          <description>The authors of the editorial</description>
          <rangeTypeName>uima.cas.String</rangeTypeName>
        </featureDescription>
        <featureDescription>
          <name>articleSum</name>
          <description>The sum of the editorial</description>
          <rangeTypeName>uima.cas.String</rangeTypeName>
        </featureDescription>
        <featureDescription>
          <name>title</name>
          <description>The title of the editorial</description>
          <rangeTypeName>uima.cas.String</rangeTypeName>
        </featureDescription>
      </features>
    </typeDescription>
  <typeDescription>
      <name>de.aitools.ie.uima.type.argumentation.MetadataNewsQuality</name>
      <description>The metadata of the news articles from the News Quality dataset published in ACL 2016.</description>
      <supertypeName>de.aitools.ie.uima.type.supertype.Metadata</supertypeName>
      <features>
        <featureDescription>
          <name>id</name>
          <description>The ID of the news article given in the dataset.</description>
          <rangeTypeName>uima.cas.Integer</rangeTypeName>
        </featureDescription>
        <featureDescription>
          <name>name</name>
          <description>The name of the article given in the dataset</description>
          <rangeTypeName>uima.cas.String</rangeTypeName>
        </featureDescription>
      </features>
    </typeDescription>
    <typeDescription>
      <name>de.aitools.ie.uima.type.argumentation.NewsQuality</name>
      <description>All quality scores assigned to a news article, each in the range from 1 to 5</description>
      <supertypeName>de.aitools.ie.uima.type.supertype.Classification</supertypeName>
      <features>
        <featureDescription>
          <name>fluency</name>
          <description>The fluency score</description>
          <rangeTypeName>uima.cas.Double</rangeTypeName>
        </featureDescription>
        <featureDescription>
          <name>conciseness</name>
          <description>The conciseness score</description>
          <rangeTypeName>uima.cas.Double</rangeTypeName>
        </featureDescription>
        <featureDescription>
          <name>descriptiveness</name>
          <description>The descriptiveness score</description>
          <rangeTypeName>uima.cas.Double</rangeTypeName>
        </featureDescription>
        <featureDescription>
          <name>novelty</name>
          <description>The novelty score</description>
          <rangeTypeName>uima.cas.Double</rangeTypeName>
        </featureDescription>
        <featureDescription>
          <name>completeness</name>
          <description>The completeness score</description>
          <rangeTypeName>uima.cas.Double</rangeTypeName>
        </featureDescription>
        <featureDescription>
          <name>referencing</name>
          <description>The referencing score</description>
          <rangeTypeName>uima.cas.Double</rangeTypeName>
        </featureDescription>
        <featureDescription>
          <name>formality</name>
          <description>The formality score</description>
          <rangeTypeName>uima.cas.Double</rangeTypeName>
        </featureDescription>
        <featureDescription>
          <name>richness</name>
          <description>The richness score</description>
          <rangeTypeName>uima.cas.Double</rangeTypeName>
        </featureDescription>
        <featureDescription>
          <name>attractiveness</name>
          <description>The attractiveness score</description>
          <rangeTypeName>uima.cas.Double</rangeTypeName>
        </featureDescription>
        <featureDescription>
          <name>technicality</name>
          <description>The technicality score</description>
          <rangeTypeName>uima.cas.Double</rangeTypeName>
        </featureDescription>
        <featureDescription>
          <name>popularity</name>
          <description>The popularity score</description>
          <rangeTypeName>uima.cas.Double</rangeTypeName>
        </featureDescription>
        <featureDescription>
          <name>subjectivity</name>
          <description>The subjectivity score</description>
          <rangeTypeName>uima.cas.Double</rangeTypeName>
        </featureDescription>
        <featureDescription>
          <name>positiveEmotion</name>
          <description>The positive emotion score</description>
          <rangeTypeName>uima.cas.Double</rangeTypeName>
        </featureDescription>
        <featureDescription>
          <name>negativeEmotion</name>
          <description>The negative emotion score</description>
          <rangeTypeName>uima.cas.Double</rangeTypeName>
        </featureDescription>
        <featureDescription>
          <name>quality</name>
          <description>The overall quality score</description>
          <rangeTypeName>uima.cas.Double</rangeTypeName>
        </featureDescription>
        <featureDescription>
          <name>confidence</name>
          <description>The confidence score of the annotator</description>
          <rangeTypeName>uima.cas.Double</rangeTypeName>
        </featureDescription>
      <featureDescription>
          <name>sentimentality</name>
          <description>The sentimentality score. Computed as  = abs(positiveEmotion) + abs(negativeEmotion) - 2 (which the authors clarified after asking them).</description>
          <rangeTypeName>uima.cas.Double</rangeTypeName>
        </featureDescription>
        <featureDescription>
          <name>polarity</name>
          <description>The polarity score. Computed as  = positiveEmotion - negativeEmotion (which the authors clarified after asking them).</description>
          <rangeTypeName>uima.cas.Double</rangeTypeName>
        </featureDescription>
      </features>
    </typeDescription>
  <typeDescription>
      <name>de.aitools.ie.uima.type.argumentation.NewsSentiment</name>
      <description>The sentence sentiment annotations given in the dataset.</description>
      <supertypeName>de.aitools.ie.uima.type.supertype.Classification</supertypeName>
      <features>
        <featureDescription>
          <name>subjectivity</name>
          <description>The subjectivity score</description>
          <rangeTypeName>uima.cas.Double</rangeTypeName>
        </featureDescription>
        <featureDescription>
          <name>positivity</name>
          <description>The positivity score</description>
          <rangeTypeName>uima.cas.Double</rangeTypeName>
        </featureDescription>
        <featureDescription>
          <name>negativity</name>
          <description>The negativity score</description>
          <rangeTypeName>uima.cas.Double</rangeTypeName>
        </featureDescription>
        <featureDescription>
          <name>issue</name>
          <description>The issue flag, "I" for ignore sentence and "S" for sentence splitting issue.</description>
          <rangeTypeName>uima.cas.String</rangeTypeName>
        </featureDescription>
        <featureDescription>
          <name>confidence</name>
          <description>The confidence score of the annotator</description>
          <rangeTypeName>uima.cas.Double</rangeTypeName>
        </featureDescription>
      <featureDescription>
          <name>polarity</name>
          <description>The polaritv value from {positive, neutral, negative}. This value is not in the original news quality corpus, but it is derived as follows: 

If positivity (negativity) is above 0 and negativity (positivity) is 0, then the polarity is positive (negative). Else, it is neutral.</description>
          <rangeTypeName>uima.cas.String</rangeTypeName>
        </featureDescription>
      </features>
    </typeDescription>
  <typeDescription>
      <name>de.aitools.ie.uima.type.argumentation.ArgumentativeZone</name>
      <description>The argumentative zone annotation type</description>
      <supertypeName>de.aitools.ie.uima.type.supertype.Unit</supertypeName>
      <features>
        <featureDescription>
          <name>zone</name>
          <description>The zone type</description>
          <rangeTypeName>uima.cas.String</rangeTypeName>
        </featureDescription>
      </features>
    </typeDescription>
  <typeDescription>
      <name>de.aitools.ie.uima.type.argumentation.MetadataAraucaria</name>
      <description>The metadata provided for the Araucaria corpus files.</description>
      <supertypeName>de.aitools.ie.uima.type.supertype.Metadata</supertypeName>
      <features>
        <featureDescription>
          <name>author</name>
          <description>The name of the author.</description>
          <rangeTypeName>uima.cas.String</rangeTypeName>
        </featureDescription>
        <featureDescription>
          <name>date</name>
          <description>The date the text was created (annotated).</description>
          <rangeTypeName>uima.cas.String</rangeTypeName>
        </featureDescription>
        <featureDescription>
          <name>source</name>
          <description>Description of the source the text was taken from.</description>
          <rangeTypeName>uima.cas.String</rangeTypeName>
        </featureDescription>
        <featureDescription>
          <name>comments</name>
          <description>Comments</description>
          <rangeTypeName>uima.cas.String</rangeTypeName>
        </featureDescription>
      </features>
    </typeDescription>
    <typeDescription>
      <name>de.aitools.ie.uima.type.argumentation.MetadataArgMicrotext</name>
      <description>The metadata provided for the Arg-Microtext corpus files.</description>
      <supertypeName>de.aitools.ie.uima.type.supertype.Metadata</supertypeName>
      <features>
        <featureDescription>
          <name>textID</name>
          <description>The ID of the text.</description>
          <rangeTypeName>uima.cas.String</rangeTypeName>
        </featureDescription>
        <featureDescription>
          <name>topicID</name>
          <description>The ID (short name) of the topic.</description>
          <rangeTypeName>uima.cas.String</rangeTypeName>
        </featureDescription>
        <featureDescription>
          <name>stance</name>
          <description>The stance of the text.</description>
          <rangeTypeName>uima.cas.String</rangeTypeName>
        </featureDescription>
      </features>
    </typeDescription>
  <typeDescription>
      <name>de.aitools.ie.uima.type.argumentation.MetadataUGWD</name>
      <description>The metadata of the texts in the user-generated web discourse corpus.</description>
      <supertypeName>uima.tcas.Annotation</supertypeName>
      <features>
        <featureDescription>
          <name>author</name>
          <description>The name of the author</description>
          <rangeTypeName>uima.cas.String</rangeTypeName>
        </featureDescription>
        <featureDescription>
          <name>docType</name>
          <description>The document type</description>
          <rangeTypeName>uima.cas.String</rangeTypeName>
        </featureDescription>
        <featureDescription>
          <name>origURL</name>
          <description>The original URL</description>
          <rangeTypeName>uima.cas.String</rangeTypeName>
        </featureDescription>
        <featureDescription>
          <name>topic</name>
          <description>The topic</description>
          <rangeTypeName>uima.cas.String</rangeTypeName>
        </featureDescription>
        <featureDescription>
          <name>title</name>
          <description>The title</description>
          <rangeTypeName>uima.cas.String</rangeTypeName>
        </featureDescription>
        <featureDescription>
          <name>thumbsUp</name>
          <description>The number of thumbs-up votes</description>
          <rangeTypeName>uima.cas.Integer</rangeTypeName>
        </featureDescription>
        <featureDescription>
          <name>thumbsDown</name>
          <description>The number of thumbs-down votes</description>
          <rangeTypeName>uima.cas.Integer</rangeTypeName>
        </featureDescription>
        <featureDescription>
          <name>origID</name>
          <description>The original ID</description>
          <rangeTypeName>uima.cas.Integer</rangeTypeName>
        </featureDescription>
        <featureDescription>
          <name>note</name>
          <description>Notes</description>
          <rangeTypeName>uima.cas.String</rangeTypeName>
        </featureDescription>
        <featureDescription>
          <name>date</name>
          <description>The date</description>
          <rangeTypeName>uima.cas.String</rangeTypeName>
        </featureDescription>
      </features>
    </typeDescription>
<typeDescription>
	<name>de.aitools.ie.uima.type.argumentation.Cogency</name>
	<description>The cogency quality assessment of an argument or argumentation.</description>
	<supertypeName>de.aitools.ie.uima.type.supertype.Classification</supertypeName>
	<features>
		<featureDescription>
			<name>majority</name>
			<description>The majority score over all annotators.</description>
			<rangeTypeName>uima.cas.Double</rangeTypeName>
		</featureDescription>
		<featureDescription>
			<name>mean</name>
			<description>The mean score over all annotators.</description>
			<rangeTypeName>uima.cas.Double</rangeTypeName>
		</featureDescription>
		<featureDescription>
			<name>allScores</name>
			<description>The list of scores of all annators</description>
			<rangeTypeName>uima.cas.DoubleArray</rangeTypeName>
		</featureDescription>
      	</features>
</typeDescription>
<typeDescription>
	<name>de.aitools.ie.uima.type.argumentation.LocalAcceptability</name>
	<description>The local acceptability quality assessment of an argument or argumentation.</description>
	<supertypeName>de.aitools.ie.uima.type.supertype.Classification</supertypeName>
	<features>
		<featureDescription>
			<name>majority</name>
			<description>The majority score over all annotators.</description>
			<rangeTypeName>uima.cas.Double</rangeTypeName>
		</featureDescription>
		<featureDescription>
			<name>mean</name>
			<description>The mean score over all annotators.</description>
			<rangeTypeName>uima.cas.Double</rangeTypeName>
		</featureDescription>
		<featureDescription>
			<name>allScores</name>
			<description>The list of scores of all annators</description>
			<rangeTypeName>uima.cas.DoubleArray</rangeTypeName>
		</featureDescription>
      	</features>
</typeDescription>
<typeDescription>
	<name>de.aitools.ie.uima.type.argumentation.LocalRelevance</name>
	<description>The local relevance quality assessment of an argument or argumentation.</description>
	<supertypeName>de.aitools.ie.uima.type.supertype.Classification</supertypeName>
	<features>
		<featureDescription>
			<name>majority</name>
			<description>The majority score over all annotators.</description>
			<rangeTypeName>uima.cas.Double</rangeTypeName>
		</featureDescription>
		<featureDescription>
			<name>mean</name>
			<description>The mean score over all annotators.</description>
			<rangeTypeName>uima.cas.Double</rangeTypeName>
		</featureDescription>
		<featureDescription>
			<name>allScores</name>
			<description>The list of scores of all annators</description>
			<rangeTypeName>uima.cas.DoubleArray</rangeTypeName>
		</featureDescription>
      	</features>
</typeDescription>
<typeDescription>
	<name>de.aitools.ie.uima.type.argumentation.LocalSufficiency</name>
	<description>The local sufficiency quality assessment of an argument or argumentation.</description>
	<supertypeName>de.aitools.ie.uima.type.supertype.Classification</supertypeName>
	<features>
		<featureDescription>
			<name>majority</name>
			<description>The majority score over all annotators.</description>
			<rangeTypeName>uima.cas.Double</rangeTypeName>
		</featureDescription>
		<featureDescription>
			<name>mean</name>
			<description>The mean score over all annotators.</description>
			<rangeTypeName>uima.cas.Double</rangeTypeName>
		</featureDescription>
		<featureDescription>
			<name>allScores</name>
			<description>The list of scores of all annators</description>
			<rangeTypeName>uima.cas.DoubleArray</rangeTypeName>
		</featureDescription>
      	</features>
</typeDescription>
<typeDescription>
	<name>de.aitools.ie.uima.type.argumentation.Effectiveness</name>
	<description>The effectiveness quality assessment of an argument or argumentation.</description>
	<supertypeName>de.aitools.ie.uima.type.supertype.Classification</supertypeName>
	<features>
		<featureDescription>
			<name>majority</name>
			<description>The majority score over all annotators.</description>
			<rangeTypeName>uima.cas.Double</rangeTypeName>
		</featureDescription>
		<featureDescription>
			<name>mean</name>
			<description>The mean score over all annotators.</description>
			<rangeTypeName>uima.cas.Double</rangeTypeName>
		</featureDescription>
		<featureDescription>
			<name>allScores</name>
			<description>The list of scores of all annators</description>
			<rangeTypeName>uima.cas.DoubleArray</rangeTypeName>
		</featureDescription>
      	</features>
</typeDescription>
<typeDescription>
	<name>de.aitools.ie.uima.type.argumentation.Credibility</name>
	<description>The credibility quality assessment of an argument or argumentation.</description>
	<supertypeName>de.aitools.ie.uima.type.supertype.Classification</supertypeName>
	<features>
		<featureDescription>
			<name>majority</name>
			<description>The majority score over all annotators.</description>
			<rangeTypeName>uima.cas.Double</rangeTypeName>
		</featureDescription>
		<featureDescription>
			<name>mean</name>
			<description>The mean score over all annotators.</description>
			<rangeTypeName>uima.cas.Double</rangeTypeName>
		</featureDescription>
		<featureDescription>
			<name>allScores</name>
			<description>The list of scores of all annators</description>
			<rangeTypeName>uima.cas.DoubleArray</rangeTypeName>
		</featureDescription>
      	</features>
</typeDescription>
<typeDescription>
	<name>de.aitools.ie.uima.type.argumentation.EmotionalAppeal</name>
	<description>The emotional appeal quality assessment of an argument or argumentation.</description>
	<supertypeName>de.aitools.ie.uima.type.supertype.Classification</supertypeName>
	<features>
		<featureDescription>
			<name>majority</name>
			<description>The majority score over all annotators.</description>
			<rangeTypeName>uima.cas.Double</rangeTypeName>
		</featureDescription>
		<featureDescription>
			<name>mean</name>
			<description>The mean score over all annotators.</description>
			<rangeTypeName>uima.cas.Double</rangeTypeName>
		</featureDescription>
		<featureDescription>
			<name>allScores</name>
			<description>The list of scores of all annators</description>
			<rangeTypeName>uima.cas.DoubleArray</rangeTypeName>
		</featureDescription>
      	</features>
</typeDescription>
<typeDescription>
	<name>de.aitools.ie.uima.type.argumentation.Clarity</name>
	<description>The clarity quality assessment of an argument or argumentation.</description>
	<supertypeName>de.aitools.ie.uima.type.supertype.Classification</supertypeName>
	<features>
		<featureDescription>
			<name>majority</name>
			<description>The majority score over all annotators.</description>
			<rangeTypeName>uima.cas.Double</rangeTypeName>
		</featureDescription>
		<featureDescription>
			<name>mean</name>
			<description>The mean score over all annotators.</description>
			<rangeTypeName>uima.cas.Double</rangeTypeName>
		</featureDescription>
		<featureDescription>
			<name>allScores</name>
			<description>The list of scores of all annators</description>
			<rangeTypeName>uima.cas.DoubleArray</rangeTypeName>
		</featureDescription>
      	</features>
</typeDescription>
<typeDescription>
	<name>de.aitools.ie.uima.type.argumentation.Appropriateness</name>
	<description>The appropriateness quality assessment of an argument or argumentation.</description>
	<supertypeName>de.aitools.ie.uima.type.supertype.Classification</supertypeName>
	<features>
		<featureDescription>
			<name>majority</name>
			<description>The majority score over all annotators.</description>
			<rangeTypeName>uima.cas.Double</rangeTypeName>
		</featureDescription>
		<featureDescription>
			<name>mean</name>
			<description>The mean score over all annotators.</description>
			<rangeTypeName>uima.cas.Double</rangeTypeName>
		</featureDescription>
		<featureDescription>
			<name>allScores</name>
			<description>The list of scores of all annators</description>
			<rangeTypeName>uima.cas.DoubleArray</rangeTypeName>
		</featureDescription>
      	</features>
</typeDescription>
<typeDescription>
	<name>de.aitools.ie.uima.type.argumentation.Arrangement</name>
	<description>The arrangement quality assessment of an argument or argumentation.</description>
	<supertypeName>de.aitools.ie.uima.type.supertype.Classification</supertypeName>
	<features>
		<featureDescription>
			<name>majority</name>
			<description>The majority score over all annotators.</description>
			<rangeTypeName>uima.cas.Double</rangeTypeName>
		</featureDescription>
		<featureDescription>
			<name>mean</name>
			<description>The mean score over all annotators.</description>
			<rangeTypeName>uima.cas.Double</rangeTypeName>
		</featureDescription>
		<featureDescription>
			<name>allScores</name>
			<description>The list of scores of all annators</description>
			<rangeTypeName>uima.cas.DoubleArray</rangeTypeName>
		</featureDescription>
      	</features>
</typeDescription>
<typeDescription>
	<name>de.aitools.ie.uima.type.argumentation.Reasonableness</name>
	<description>The reasonableness quality assessment of an argument or argumentation.</description>
	<supertypeName>de.aitools.ie.uima.type.supertype.Classification</supertypeName>
	<features>
		<featureDescription>
			<name>majority</name>
			<description>The majority score over all annotators.</description>
			<rangeTypeName>uima.cas.Double</rangeTypeName>
		</featureDescription>
		<featureDescription>
			<name>mean</name>
			<description>The mean score over all annotators.</description>
			<rangeTypeName>uima.cas.Double</rangeTypeName>
		</featureDescription>
		<featureDescription>
			<name>allScores</name>
			<description>The list of scores of all annators</description>
			<rangeTypeName>uima.cas.DoubleArray</rangeTypeName>
		</featureDescription>
      	</features>
</typeDescription>
<typeDescription>
	<name>de.aitools.ie.uima.type.argumentation.GlobalAcceptability</name>
	<description>The global acceptability quality assessment of an argument or argumentation.</description>
	<supertypeName>de.aitools.ie.uima.type.supertype.Classification</supertypeName>
	<features>
		<featureDescription>
			<name>majority</name>
			<description>The majority score over all annotators.</description>
			<rangeTypeName>uima.cas.Double</rangeTypeName>
		</featureDescription>
		<featureDescription>
			<name>mean</name>
			<description>The mean score over all annotators.</description>
			<rangeTypeName>uima.cas.Double</rangeTypeName>
		</featureDescription>
		<featureDescription>
			<name>allScores</name>
			<description>The list of scores of all annators</description>
			<rangeTypeName>uima.cas.DoubleArray</rangeTypeName>
		</featureDescription>
      	</features>
</typeDescription>
<typeDescription>
	<name>de.aitools.ie.uima.type.argumentation.GlobalRelevance</name>
	<description>The global relevance quality assessment of an argument or argumentation.</description>
	<supertypeName>de.aitools.ie.uima.type.supertype.Classification</supertypeName>
	<features>
		<featureDescription>
			<name>majority</name>
			<description>The majority score over all annotators.</description>
			<rangeTypeName>uima.cas.Double</rangeTypeName>
		</featureDescription>
		<featureDescription>
			<name>mean</name>
			<description>The mean score over all annotators.</description>
			<rangeTypeName>uima.cas.Double</rangeTypeName>
		</featureDescription>
		<featureDescription>
			<name>allScores</name>
			<description>The list of scores of all annators</description>
			<rangeTypeName>uima.cas.DoubleArray</rangeTypeName>
		</featureDescription>
      	</features>
</typeDescription>
<typeDescription>
	<name>de.aitools.ie.uima.type.argumentation.GlobalSufficiency</name>
	<description>The global sufficiency quality assessment of an argument or argumentation.</description>
	<supertypeName>de.aitools.ie.uima.type.supertype.Classification</supertypeName>
	<features>
		<featureDescription>
			<name>majority</name>
			<description>The majority score over all annotators.</description>
			<rangeTypeName>uima.cas.Double</rangeTypeName>
		</featureDescription>
		<featureDescription>
			<name>mean</name>
			<description>The mean score over all annotators.</description>
			<rangeTypeName>uima.cas.Double</rangeTypeName>
		</featureDescription>
		<featureDescription>
			<name>allScores</name>
			<description>The list of scores of all annators</description>
			<rangeTypeName>uima.cas.DoubleArray</rangeTypeName>
		</featureDescription>
      	</features>
</typeDescription>
<typeDescription>
	<name>de.aitools.ie.uima.type.argumentation.ArgumentationQuality</name>
	<description>The overall argumentation quality assessment of an argument or argumentation.</description>
	<supertypeName>de.aitools.ie.uima.type.supertype.Classification</supertypeName>
	<features>
		<featureDescription>
			<name>majority</name>
			<description>The majority score over all annotators.</description>
			<rangeTypeName>uima.cas.Double</rangeTypeName>
		</featureDescription>
		<featureDescription>
			<name>mean</name>
			<description>The mean score over all annotators.</description>
			<rangeTypeName>uima.cas.Double</rangeTypeName>
		</featureDescription>
		<featureDescription>
			<name>allScores</name>
			<description>The list of scores of all annators</description>
			<rangeTypeName>uima.cas.DoubleArray</rangeTypeName>
		</featureDescription>
      	</features>
</typeDescription>
    
  </types>
</typeSystemDescription>
